{"train_iter": 24089, "train_Iter_loss": 0.001558421878144145, "_timestamp": 1719291798.100303, "_runtime": 20193.461478948593, "_step": 27100, "lr": 1.0123287671232875e-05, "_wandb": {"runtime": 20259}}