{"train_iter": 23749, "train_Iter_loss": 0.007128284312784672, "_timestamp": 1719462297.8539982, "_runtime": 19005.20433306694, "_step": 26727, "lr": 1.0291789473684072e-05, "val_step": 23749, "val_step_loss": 0.7834188938140869, "_wandb": {"runtime": 19004}}