{"train_iter": 4, "train_Iter_loss": 3.277390956878662, "_timestamp": 1719352235.2848055, "_runtime": 74.30780553817749, "_step": 4}