{"train_iter": 23679, "train_Iter_loss": 0.0011470443569123745, "_timestamp": 1719460765.5955474, "_runtime": 17554.791778326035, "_step": 26649, "lr": 1.004180743243246e-05, "val_step": 23679, "val_step_loss": 0.7202054858207703, "_wandb": {"runtime": 17553}}