{"train_iter": 4770, "train_Iter_loss": 0.009678312577307224, "_timestamp": 1719354048.7028594, "_runtime": 85.45564150810242, "_step": 23, "lr": 0.0008012913684210527}