{"train_iter": 18, "train_Iter_loss": 1.167909860610962, "_timestamp": 1719271498.8683755, "_runtime": 159.51225662231445, "_step": 20, "lr": 0.0009993835616438356}