{"train_iter": 73, "train_Iter_loss": 0.8019617199897766, "_timestamp": 1719353289.937283, "_runtime": 109.9269700050354, "_step": 80, "lr": 0.0009970404210526316}