{"train_iter": 24089, "train_Iter_loss": 0.004598516505211592, "_timestamp": 1719462245.814597, "_runtime": 18953.16492986679, "_step": 27110, "lr": 1.0123287671232875e-05, "val_step": 24089, "val_step_loss": 0.7282290458679199, "_wandb": {"runtime": 18952}}