{"train_iter": 23599, "train_Iter_loss": 0.0026762536726891994, "_timestamp": 1719484791.3515155, "_runtime": 20265.672590494156, "_step": 26559, "lr": 1.0041949152542499e-05, "val_step": 23599, "val_step_loss": 0.18992245197296143, "_wandb": {"runtime": 20264}}