{"train_iter": 23599, "train_Iter_loss": 0.0027442309074103832, "_timestamp": 1719484019.493269, "_runtime": 19490.48227906227, "_step": 26559, "lr": 1.0041949152542499e-05, "val_step": 23599, "val_step_loss": 0.7541055679321289, "_wandb": {"runtime": 19489}}